"State","Department.Agency","Adopted.Adjusted.Estimated.Actual.etc.","Adopted.Actual...Simplified","LEA FY 2018-19","LEA FY 2019-20","LEA FY 2020-21","LEA FY 2021-22","Total_FY19","Total_FY20","Total_FY21","Total_FY22","LEA_19_22_Chg","LEA_19_20_Chg","LEA_20_21_Chg","LEA_21_22_Chg"
"New Mexico","Albuquerque Police Department ","Approved","Adopted",197141000,209848000,184480000,226894000,997710000,1107743000,1107586000,1215198000,15.0922436225848,6.44564042994608,-12.0887499523465,22.9911101474415
"New Mexico","Albuquerque Police Department ","Actual","Actual",202053000,188954000,182521000,212290000,NA,NA,NA,NA,5.06649245494994,-6.48295249266282,-3.40453232003556,16.3099040658335
"California","Anaheim Police Department ","Adopted","Adopted",162902348,170030046,177878665,175201363,1724979765,1790738843,1721040277,1845967896,7.54993107895535,4.37544215139244,4.61601886527749,-1.50512822884071
"California","Anaheim Police Department ","Amended","",168787727,182297763,181970064,NA,NA,NA,NA,NA,NA,8.00415779045357,-0.179760296894044,NA
"California","Anaheim Police Department ","Actual","Actual",161189018,173342987,NA,NA,NA,NA,NA,NA,NA,7.54019669007475,NA,NA
"Alaska","Anchorage Police Department ","Approved/Adopted","Adopted",118480224,121688346,123411491,128470499,524862474,540246879,550015808,550164849,8.43201900090938,2.70772783143962,1.41603124427379,4.09930060726679
"Alaska","Anchorage Police Department ","Revised","",118681270,121561770,126191552,NA,NA,NA,NA,NA,NA,2.4270889585189,3.80858389936244,NA
"Alaska","Anchorage Police Department ","Actual","Actual",124436055,73628813,NA,NA,NA,NA,NA,NA,NA,-40.8300005974956,NA,NA
"Texas","Arlington Police Department ","Actual ","Actual",111793324,115456185,NA,NA,NA,NA,NA,NA,NA,3.27645772479222,NA,NA
"Texas","Arlington Police Department ","Adopted","Adopted",112956223,117847632,109754425,118757007,521518116,552059290,539269218,567600006,5.13542666879009,4.33035814237521,-6.86751771134442,8.2024774855319
"Texas","Arlington Police Department ","Budgeted","",112956225,111793324,112084533,NA,NA,NA,NA,NA,NA,-1.02951475228568,0.260488721133294,NA
"Georgia","Atlanta Police Department","Adopted","Adopted",234220469,248508776,259645968,276953125,2111508033,2204248555,1957478067,2040820580,18.2446291660359,6.10036648846434,4.48160913238734,6.6656752397557
"Georgia","Atlanta Police Department","Actual","Actual",236195321,243663427,NA,NA,NA,NA,NA,NA,NA,3.16183486124181,NA,NA
"Colorado","Aurora Police Department ","Adopted","Adopted",121770453,128772136,128812511,136764493,752560761,859536797,920057046,983330829,12.3133647207504,5.74990305735333,0.0313538326334821,6.17329942430825
"Colorado","Aurora Police Department ","Actual","Actual",121280734,128017950,NA,NA,NA,NA,NA,NA,NA,5.55505872845394,NA,NA
"Texas","Austin Police Department","Approved","Adopted",417279214,434475745,292948716,443066534,4049012000,4224429000,4195597000,4663258000,6.17987168658729,4.12110894169773,-32.5742071056234,51.2437193955819
"Texas","Austin Police Department","Actual","Actual",412070909,432261155,NA,NA,NA,NA,NA,NA,NA,4.89970186174924,NA,NA
"California","Bakersfield Police Department ","Approved","Adopted",93842149,121565565,120146064,133608995,648642000,619990000,630298000,683220057,42.376316424723,29.5426056366207,-1.1676834636519,11.2054698687424
"California","Bakersfield Police Department ","Actual (YTD)","Actual",94954408,105427934,114683182,111044822,NA,NA,NA,NA,16.945410264682,11.0300577093799,8.77874359180746,-3.17253143534158
"Maryland","Baltimore Police Department","Actual ","Actual",510140403,531614339,NA,NA,NA,NA,NA,NA,NA,4.20941683382016,NA,NA
"Maryland","Baltimore Police Department","Recommended","",493738648,536376477,549959519,NA,NA,NA,NA,NA,NA,8.63570821784241,2.53237093393266,NA
"Maryland","Baltimore Police Department","Budget","Adopted",509618142,536376477,527963783,555084016,3499279441,3555401780,3847228235,4331049486,8.92155719212995,5.25066374108793,-1.56843082438158,5.13676010992595
"Louisiana","Baton Rouge Police Department","Actual","Actual",92348460,77068450,NA,NA,NA,NA,NA,NA,NA,-16.546036609598,NA,NA
"Louisiana","Baton Rouge Police Department","Budget ","Adopted",93530380,93530380,93530380,95882070,926223502,1004693210,982114922,1031717386,2.51435950543556,0,0,2.51435950543556
"Idaho","Boise Police Department ","Adopted","Adopted",66867208,70006493,71179598,77227676,752804194,764680965,730492755,661838623,15.4940939062388,4.69480496329382,1.67570885174894,8.49692632430995
"Idaho","Boise Police Department ","Actual","Actual",65196338,67052181,NA,NA,NA,NA,NA,NA,NA,2.84654484735017,NA,NA
"Massachusetts","Boston Police Department","Actual","Actual",432197943,449730821,NA,NA,NA,NA,NA,NA,NA,4.05667779867245,NA,NA
"Massachusetts","Boston Police Department","Approp/Projected","",NA,434372765,452579626,NA,NA,NA,NA,NA,NA,NA,4.19152913511969,NA
"Massachusetts","Boston Police Department","Budget","Adopted",434106350,431731293,435641128,428227693,3.29e+09,3.49e+09,3.61e+09,3.75e+09,-1.35419742189903,-0.54711408851771,0.905617698645718,-1.70172982381957
"New York","Buffalo Police Department","Revised","",80234141,79001264,76158760,NA,NA,NA,NA,NA,NA,-1.53659898969941,-3.59804876033376,NA
"New York","Buffalo Police Department","Actual","Actual",78820369,74884263,NA,NA,NA,NA,NA,NA,NA,-4.99376753742424,NA,NA
"New York","Buffalo Police Department","Adopted","Adopted",79790263,78385144,74541474,73108100,1530342300,1523020349,1563376583,1594103992,-8.37465970001879,-1.76101562668117,-4.90356948250296,-1.92292145980371
"New Jersey","Camden County Police Department","Actual","",41351530,52518125,NA,NA,376597431,542282240,423777645,418578457,NA,27.0040673222974,NA,NA
"Illinois","Champaign Police Department","Budget","Adopted",25649437,26991802,27967998,29139933,143970000,149260000,137900000,145650000,13.6084702365982,5.23350668476661,3.61663885945814,4.19027132367501
"Arizona","Chandler Police Department ","Adopted","Adopted",87482081,91348133,84957575,88321063,875686342,927046172,931336929,1058074338,0.959032970420537,4.41925015478313,-6.99582770892537,3.95902072299027
"Arizona","Chandler Police Department ","Actual","Actual",80379917,82430785,NA,NA,NA,NA,NA,NA,NA,2.55146817332494,NA,NA
"North Carolina","Charlotte Police Department","Actual","Actual",274271690,280327132,NA,NA,NA,NA,NA,NA,NA,2.20782611577593,NA,NA
"North Carolina","Charlotte Police Department","Adopted","Adopted",272691156,285066260,290203220,300877459,2.62e+09,2628290020,2550180867,2705939363,10.3363465883727,4.53813911001939,1.80202315068784,3.67819454243134
"Virginia","Chesapeake Police Department ","Approved","Adopted",49106131,53293559,53275090,54451736,1073936286,1120183515,1113237946,1344827671,10.8858199396731,8.52730181492001,-0.0346552197799363,2.20862320457835
"Virginia","Chesapeake Police Department ","Actual","Actual",55188337,50973269,42687946,NA,NA,NA,NA,NA,NA,-7.63760647471584,-16.25425083096,NA
"Illinois","Chicago Police Department","Recommended","",1656000251,1778002408,1698590492,1899239226,NA,NA,NA,NA,14.6883416746535,7.36727889541848,-4.46635593082954,11.8126608470383
"Illinois","Chicago Police Department","Adopted ","Adopted",1656002057,1762078349,1698735503,1899239537,11399935000,12606822000,13522021000,18115373000,14.6882353782004,6.40556523173449,-3.59478033629707,11.8031343694122
"California","Chula Vista Police Department ","Adopted","Adopted",56457994,58303672,58282874,51020894,347526000,387281000,403924000,472932000,-9.63034570445418,3.26911721305578,-0.0356718527093799,-12.4598865869243
"California","Chula Vista Police Department ","Actual","Actual",56376351,58784767,NA,NA,NA,NA,NA,NA,NA,4.2720324343092,NA,NA
"Ohio","Cincinnati Police Department","Update","",NA,NA,154220380,NA,NA,NA,NA,NA,NA,NA,NA,NA
"Ohio","Cincinnati Police Department","Approved","Adopted",153653450,154133200,154992860,167352540,1098178010,1146597670,1217797230,1211451210,8.91557592751741,0.312228589725776,0.557738371745996,7.97435443155252
"Ohio","Cleveland Police Department","Actual","Actual",206566801,210837151,NA,NA,NA,NA,NA,NA,NA,2.06729734852214,NA,NA
"Ohio","Cleveland Police Department","Budget ","Adopted",207633646,218370376,218203160,223267074,1830570160,1842685701,1789454394,1847792426,7.52933269784224,5.17099718992557,-0.0765744892063565,2.32073357691062
"Colorado","Colorado Springs Police Department ","Budget","Adopted",130833487,140745909,141990216,158751423,610254672,682073090,660035713,775503311,21.3385247463442,7.57636460457559,0.884080403360072,11.8044802467235
"Colorado","Colorado Springs Police Department ","Actual","Actual",135411712,133313450,NA,NA,NA,NA,NA,NA,NA,-1.54954247975242,NA,NA
"Ohio","Columbus Police Department ","Actual ","Actual",346890579,361418946,NA,NA,NA,NA,NA,NA,NA,4.18816995315402,NA,NA
"Ohio","Columbus Police Department ","Proposed","",NA,NA,336846128,NA,1854936071,1957968034,1978776338,1821197116,NA,NA,NA,NA
"Texas","Corpus Cristi Police Department ","Actual","Actual",79620538,79097980,NA,NA,NA,NA,NA,NA,NA,-0.656310561478497,NA,NA
"Texas","Corpus Cristi Police Department ","Adopted","Adopted",77222420,80933540,70996855,73277037,929134949,972978572,954509351,986566695,-5.1091159795303,4.80575459821124,-12.2775860292284,3.21166620690452
"Texas","Dallas Police Department","Adopted","Adopted",487002691,516967195,513535030,565934568,3586199784,3789500063,3854133218,4349067966,16.2076880597771,6.15284156612597,-0.66390382855918,10.2036930177869
"Texas","Dallas Police Department","Forecast","",489021652,501339046,525826617,NA,NA,NA,NA,NA,NA,2.51878295155733,4.88443323841965,NA
"Colorado","Denver Police Department","Appropriated","",268546726,283213400,278172759,NA,NA,NA,NA,NA,NA,5.4614979740993,-1.77980314490769,NA
"Colorado","Denver Police Department","Actual","Actual",268470549,276045129,NA,NA,NA,NA,NA,NA,NA,2.82138209506176,NA,NA
"Colorado","Denver Police Department","Recommended","Adopted",265973413,277936207,274505451,297339019,2.45e+09,2.4e+09,2.1e+09,2.54e+09,11.7927599026599,4.49774053168239,-1.23436814405401,8.31807452887338
"Michigan","Detroit Police Department","Mayor","",NA,331162376,338201201,341995194,NA,NA,NA,NA,NA,NA,2.12549054787552,1.12181535393187
"Michigan","Detroit Police Department","Adopted ","Adopted",321681648,330015742,328711027,341000978,2080965999,2329912629,2186773181,2337901713,6.00572961501366,2.59078938814688,-0.395349322457472,3.73883137178723
"North Carolina","Durham Police Department","Estimated","",65093448,66719900,67015249,NA,NA,NA,NA,NA,NA,2.4986416451622,0.442670027982656,NA
"North Carolina","Durham Police Department","Actual","Actual",64706445,66001211,NA,NA,NA,NA,NA,NA,NA,2.00098460052936,NA,NA
"North Carolina","Durham Police Department","Adopted","Adopted",63883388,65524164,68373249,68902146,557246730,527264943,561337545,584684505,7.85612372343182,2.56839227124272,4.34814399158149,0.773543758319866
"Texas","El Paso Police Department ","Actual","Actual",151271328,158873626,NA,NA,NA,NA,NA,NA,NA,5.02560405895293,NA,NA
"Texas","El Paso Police Department ","Adopted","Adopted",148322299,157607717,165428929,177025187,989381830,1046842912,984674406,1067475828,19.3517011221623,6.26029805538546,4.96245497928252,7.00981265495589
"Illinois","Elgin Police Department","Budgeted","Adopted",45714500,47558740,47975240,50237980,267603400,274378250,266036230,315253850,9.89506611687758,4.03425608942458,0.875759113887374,4.71647458147161
"Illinois","Evanston Police Department","Actual","Actual",52862924,54172134,NA,NA,115175062,109770758,NA,NA,NA,2.47661290926699,NA,NA
"Illinois","Evanston Police Department","Budgeted","Adopted",52635083,56402108,55959657,31001147,319165450,320709230,296146105,360433525,-41.1017419693249,7.1568710169983,-0.784458268829243,-44.6008988225214
"North Carolina","Fayetteville Police Department","Original","",54699697,55561174,56151612,NA,NA,NA,NA,NA,NA,1.57492097259698,1.06268092895229,NA
"North Carolina","Fayetteville Police Department","Recommended","",54699697,55728504,56071254,56504671,NA,NA,NA,NA,3.2997879311836,1.88082760312182,0.615035350670816,0.772975400193475
"North Carolina","Fayetteville Police Department","Actual","Actual",54314419,52035939,NA,NA,NA,NA,NA,NA,NA,-4.19498181504989,NA,NA
"North Carolina","Fayetteville Police Department","Adopted","Adopted",54699697,55561174,56151612,56504671,212246571,229669609,234160261,240304955,3.2997879311836,1.57492097259698,1.06268092895229,0.628760221523115
"Indiana","Fort Wayne Police Department ","Actual","Actual",61246739,61991942,NA,NA,NA,NA,NA,NA,NA,1.21672273849551,NA,NA
"Indiana","Fort Wayne Police Department ","Submitted","Adopted",62657121,64769008,66630076,69449441,218473148,246555705,234317136,246555705,10.8404597779078,3.37054586341431,2.87339278069536,4.23136992969962
"Texas","Fort Worth Police Department ","Final","",259564419,262434881,NA,NA,NA,NA,NA,NA,NA,1.10587653387115,NA,NA
"Texas","Fort Worth Police Department ","Adopted","Adopted",253937854,267159840,272987345,282524533,1946933602,2082057531,2278488454,2075421024,11.2573523599203,5.20678023844369,2.1812803151851,3.4936374065252
"California","Fremont Police Department ","Adopted","Adopted",85735129,93307865,96543502,101913557,329501000,382796000,339022000,364108000,18.870243957993,8.83271080165984,3.4677001772573,5.56231635351284
"California","Fremont Police Department ","Actual","Actual",82063070,89761799,NA,NA,NA,NA,NA,NA,NA,9.38147817282488,NA,NA
"California","Fresno Police Department","Adopted ","Adopted",180875300,201764000,210274600,207022900,1120127300,1189054400,1362571900,1448903600,14.4561474120568,11.5486746946653,4.2180963898416,-1.54640646088496
"California","Fresno Police Department","Amended","",184285900,202961300,211491400,NA,NA,NA,NA,NA,NA,10.1339277720108,4.20282093187223,NA
"California","Fresno Police Department","Actual ","Actual",178522300,190198600,NA,NA,NA,NA,NA,NA,NA,6.54052742990652,NA,NA
"Texas","Frisco Police Department ","Actual ","Actual",41860745,42256989,NA,NA,NA,NA,NA,NA,NA,0.946576559972834,NA,NA
"Texas","Frisco Police Department ","Adopted ","Adopted",43943517,46571949,46456300,51310506,507780651,604414003,586026158,745820053,16.7646777111627,5.98138742513486,-0.248323298644856,10.4489724752079
"Texas","Garland Police Department ","Approved","Adopted",55582642,57800124,60555352,62318563,736110070,767655708,773790830,816786875,12.1187492310999,3.98952248437561,4.76682022343066,2.91173437485757
"Texas","Garland Police Department ","Actual","Actual",56114162,57673995,NA,NA,NA,NA,NA,NA,NA,2.7797492547425,NA,NA
"Arizona","Gilbert Police Department ","Budget","Adopted",56101700,59942830,58715270,61716320,966501770,1048945125,992839910,988252510,10.0079320234503,6.84672656978309,-2.04788462606787,5.11119168829506
"Arizona","Gilbert Police Department ","Actual ","Actual",57005580,68200507,NA,NA,NA,NA,NA,NA,NA,19.6383003207756,NA,NA
"Arizona","Glendale Police Department ","Adopted","Adopted",104636515,103422311,107660226,103342360,6.89e+08,7.36e+08,7.47e+08,1.244e+09,-1.23681011356313,-1.16040179663858,4.09767965830893,-4.01064177591453
"Arizona","Glendale Police Department ","Actual ","Actual",103900101,104746501,107493794,NA,NA,NA,NA,NA,NA,0.814628659504383,2.62280169148562,NA
"North Carolina","Greensboro Police Department ","Actual","Actual",74793462,76063428,NA,NA,NA,NA,NA,NA,NA,1.69796392096411,NA,NA
"North Carolina","Greensboro Police Department ","Projected","",NA,NA,80677360,80816413,NA,NA,NA,NA,NA,NA,NA,0.172356904093044
"North Carolina","Greensboro Police Department ","Adopted","Adopted",75589641,78368206,78583248,83721688,678041197,705430392,602444406,619744308,10.758150048629,3.67585420864745,0.274399544121247,6.5388490941479
"Nevada","Henderson Police Department ","Approved","Adopted",96704504,102147240,102274464,104811389,568844477,610248634,689599976,679673461,8.3831514197105,5.62821355249389,0.124549620723967,2.48050676657665
"Nevada","Henderson Police Department ","Actual","Actual",93673647,95696538,NA,NA,NA,NA,NA,NA,NA,2.15950917337509,NA,NA
"Hawaii","Honolulu Police Department ","Total Budget","Adopted",295681922,301701305,312091911,300166774,2607019984,2833912371,2979617521,2906977087,1.51678261885757,2.03576294393811,3.44400432739262,-3.82103366978967
"Hawaii","Honolulu Police Department ","Actual","Actual",291823159,306217662,NA,NA,NA,NA,NA,NA,NA,4.93261160263158,NA,NA
"Texas","Houston Police Department","Estimate","",901990935,925782212,950833184,NA,NA,NA,NA,NA,NA,2.63764036608638,2.70592496542805,NA
"Texas","Houston Police Department","Actual ","Actual",888686201,924943372,NA,NA,NA,NA,NA,NA,NA,4.07986204345261,NA,NA
"Texas","Houston Police Department","Adopted ","Adopted",906354602,934098364,965146748,984361509,5386380136,5524324869,5563848304,5664067131,8.60666529721002,3.06102732184285,3.32388806110788,1.99086419135922
"Indiana","Indianapolis Police Department","Actual","Actual",242049292,223802681,NA,NA,NA,NA,NA,NA,NA,-7.53838643742036,NA,NA
"Indiana","Indianapolis Police Department","Adopted ","Adopted",247367077,253937004,261245103,264964602,1174357406,1212269739,1291780882,1353767739,7.11393173797336,2.65594236697877,2.87791809971894,1.42375836227636
"California","Irvine Police Department ","Adopted","Adopted",46810759,50719538,53197577,52854482,610006851,781026255,626941389,695603170,12.9109698904903,8.35017223284074,4.88576808408625,-0.644944787616925
"California","Irvine Police Department ","Actual","Actual",44706606,49030545,NA,NA,NA,NA,NA,NA,NA,9.67181225969155,NA,NA
"Texas","Irving Police Department ","Adopted ","Adopted",65940524,70698309,73052917,74427782,691188738,687926200,687948143,798332074,12.8710806119769,7.21526720048509,3.33050115809701,1.88201245954354
"Texas","Irving Police Department ","Actual","Actual",64460334,67650551,NA,NA,NA,NA,NA,NA,NA,4.94911645974407,NA,NA
"Florida","Jacksonville Police and Sheriff's Departments ","Approved","Adopted",323575935,359032215,362004708,382134588,2613895652,2741393215,2961380591,3457971304,18.0973449091633,10.9576381197817,0.82791818555892,5.56066801208563
"Florida","Jacksonville Police and Sheriff's Departments ","Actual ","Actual",326810255,353610743,NA,NA,NA,NA,NA,NA,NA,8.20062638487278,NA,NA
"New Jersey","Jersey City Police Department ","Appropriated","Adopted",107579930,104288716,92051667,NA,NA,NA,NA,NA,NA,-3.05931970768154,-11.7338188342447,NA
"New Jersey","Jersey City Police Department ","Expended","",106933961,101122358,NA,NA,NA,NA,NA,NA,NA,-5.43475893500288,NA,NA
"Illinois","Joliet Police Department","Actual","Actual",58612312,60701259,NA,NA,267007565,277486587,NA,NA,NA,3.56400716627592,NA,NA
"Illinois","Joliet Police Department","Approved","Adopted",57575262,60039397,57395917,61096181,280989049,328958441,334444983,438417465,6.11533300534525,4.2798502593006,-4.40290897658416,6.44691154599028
"Missouri","Kansas City Police Department ","Adopted","Adopted",248108865,255016884,266377193,256773275,1.665e+09,1.73e+09,1.77e+09,1.742e+09,3.49218074090178,2.78426931661632,4.4547281818407,-3.60538298787464
"Texas","Laredo Police Department ","Actual","Actual",72763438,74317968,NA,NA,NA,NA,NA,NA,NA,2.1364163688912,NA,NA
"Texas","Laredo Police Department ","Proposed","Adopted",72420062,73979437,75528411,77794021,694744992,724454498,749216482,845333325,7.42053907658903,2.15323621236336,2.0937899270577,2.99967915384848
"Nevada","Las Vegas Police Department","Budgeted","Adopted",601072198,631964702,655617383,661826249,NA,NA,NA,NA,10.1076128961134,5.13956627885823,3.74272185220876,0.947025835646582
"Nevada","Las Vegas Police Department","Actual ","Actual",599044284,638418110,NA,NA,NA,NA,NA,NA,NA,6.5727738418751,NA,NA
"Nevada","Las Vegas Police Department","Projected","",596011589,626859059,613522509,NA,NA,NA,NA,NA,NA,5.17564936140864,-2.12751970455292,NA
"Nevada","Las Vegas Police Department","Requested","",601072198,631964702,655617383,661826249,NA,NA,NA,NA,10.1076128961134,5.13956627885823,3.74272185220876,0.947025835646582
"Kentucky","Lexington Police Department ","Actual","Actual",77170420,67030535,72474182,NA,NA,NA,NA,NA,NA,-13.139600639727,8.12114508708606,NA
"Kentucky","Lexington Police Department ","Orginal","Adopted",77471703,79504548,79640136,81562991,373239513,379148136,378863565,385381653,5.28100950614187,2.62398388221826,0.170541187153218,2.4144295785733
"Nebraska","Lincoln Police Department ","Actual","Actual",40750096,41893657,NA,NA,NA,NA,NA,NA,NA,2.80627805146766,NA,NA
"Nebraska","Lincoln Police Department ","Budget","Adopted",42132630,42562961,43397710,46273269,493978010,510652733,611750772,645440382,9.82763003401402,1.0213722713251,1.96120988856955,6.62606160555476
"California","Long Beach Police Department","Adjusted","",263190300,280869933,272914843,NA,NA,NA,NA,NA,NA,6.71743335525663,-2.83230387639961,NA
"California","Long Beach Police Department","Actual","Actual",262727114,278840697,NA,NA,NA,NA,NA,NA,NA,6.13320138704831,NA,NA
"California","Long Beach Police Department","Adopted","Adopted",259321589,264499242,269204686,285544890,3047517836,2804767253,2788848798,3014943193,10.1122706756205,1.99661471301566,1.77900093944315,6.06980667491055
"California","Los Angeles County Sheriff's Department","Adopted","Adopted",3390730000,3610781000,3599983000,3675896000,35628040000,39727415000,42091027000,43049183000,8.41016536262103,6.48978243623055,-0.299048876129569,2.10870440221523
"California","Los Angeles Police Department","Estimated","",1649810000,1837075323,1722495000,NA,NA,NA,NA,NA,NA,11.350720567823,-6.23710533615393,NA
"California","Los Angeles Police Department","Actual","Actual",1625220284,1773451665,NA,NA,NA,NA,NA,NA,NA,9.12069474269495,NA,NA
"California","Los Angeles Police Department","Adopted","Adopted",1609385210,1733838124,1857330549,1760908714,9899768481,10710077843,10531278041,11480288113,9.41499294628164,7.73294753963844,7.12248873124905,-5.19142029144539
"Kentucky","Louisville Police Department","Actual","Actual",187423400,188126900,NA,NA,755523400,756876800,972290900,830291200,NA,0.375353344352946,NA,NA
"Kentucky","Louisville Police Department","Revised Budget","",190119400,190877300,198353800,NA,NA,NA,NA,NA,NA,0.398644220421483,3.91691416423011,NA
"Kentucky","Louisville Police Department","Council Approved","Adopted",189076500,189828000,190578200,195895700,756452700,752475600,885613300,830291200,3.60658252083152,0.39745817169241,0.395199865141075,2.7901932120253
"Texas","Lubbock Police Department ","Actual ","Actual",67341293,70765408,NA,NA,NA,NA,NA,NA,NA,5.0847182277893,NA,NA
"Texas","Lubbock Police Department ","Budget","Adopted",69626853,72913743,73480446,77801456,816132369,825674369,867545146,943701022,11.740589510774,4.72072175946255,0.777223849281747,5.88048962032702
"Wisconsin","Madison Police Department ","Actual","Actual",81558916,87739735,NA,NA,NA,NA,NA,NA,NA,7.57834863817955,NA,NA
"Wisconsin","Madison Police Department ","Adopted","Adopted",80609046,85720976,86265422,88016731,332066444,340708133,349498793,360321028,9.18964479495266,6.34163317104634,0.635137425406822,2.03014018757133
"Tennessee","Memphis Police Department","Actual","Actual",269577976,279713082,NA,NA,NA,NA,NA,NA,NA,3.75961944309575,NA,NA
"Tennessee","Memphis Police Department","Adopted","Adopted",263137520,272780013,281479500,275723594,1242579339,1295684916,1347330964,1407354105,4.78307844506553,3.66443105491,3.18919517024878,-2.0448757369542
"Arizona","Mesa Police Department  ","Adopted","Adopted",182534000,193764000,202258000,226013000,1.82e+09,1.83e+09,1.91e+09,2.1e+09,23.8196719515268,6.15227847962571,4.38368324353337,11.744900078118
"Arizona","Mesa Police Department  ","Actual","Actual",181340016,168481043,NA,NA,NA,NA,NA,NA,NA,-7.09108407710739,NA,NA
"Florida","Miami Police Department","Adopted","Adopted",262969000,277359000,276413000,288144000,1098979000,1137380000,1165516000,1368052000,9.57337176625382,5.47212789340188,-0.34107420346915,4.24401167817722
"Florida","Miami Police Department","Actual","Actual",259595695,274150062,NA,NA,NA,NA,NA,NA,NA,5.60655175733943,NA,NA
"Wisconsin","Milwaukee Police Department","Actual","Actual",303035189,305196636,NA,NA,NA,NA,NA,NA,NA,0.713266009512842,NA,NA
"Wisconsin","Milwaukee Police Department","Adopted","Adopted",298922696,297366419,295305985,280432042,1540385474,1611266719,1552416989,1756776448,-6.18576449611574,-0.520628584187532,-0.692893974689186,-5.03679022963249
"Minnesota","Minneapolis Police Department","Actual","Actual",181165152,182980796,NA,NA,NA,NA,NA,NA,NA,1.00220377923454,NA,NA
"Minnesota","Minneapolis Police Department","Council Adopted ","Adopted",185693185,193256931,164290913,193104690,1699100000,1536200000,1449075649,1571907703,3.99126386894597,4.07324910712259,-14.9883462653145,17.5382657956256
"Illinois","Naperville Police Department","Actual","Actual",47208375,53940688,NA,NA,439174323,449240774,NA,NA,NA,14.260844606492,NA,NA
"Illinois","Naperville Police Department","Budgeted","Adopted",47743885,52647173,54398373,55226864,451398341,491503165,502423551,540578892,15.6731673595477,10.2699811714107,3.32629446219268,1.52300694728499
"Tennessee","Nashville Police Department","Budget ","Adopted",208272700,216790900,222519800,246094300,2230100600,2331618000,2466262200,2646580300,18.1596531854631,4.08992633215971,2.64259247044041,10.5943381218211
"Tennessee","Nashville Police Department","Actual","Actual",NA,213563370,NA,NA,NA,NA,NA,NA,NA,NA,NA,NA
"Louisiana","New Orleans Police Department","Adopted","Adopted",192020049,193738832,177816365,217546610,1126080253,1133050256,1144264306,1485879708,13.2936957015358,0.895106010518725,-8.21852121003806,22.3434131048624
"Louisiana","New Orleans Police Department","Actual","Actual",179851105,166183432,NA,NA,NA,NA,NA,NA,NA,-7.59943787946146,NA,NA
"New York","New York City Police Department","Actual","Actual",5976818000,6086160000,5542436000,NA,NA,NA,NA,NA,NA,1.82943499367054,-8.93377762004285,NA
"New York","New York City Police Department","Executive  Plan","",5595212000,5921202000,5412947000,5435401000,NA,NA,NA,NA,-2.85620991662157,5.82623142787083,-8.58364568545373,0.414820244868461
"New York","New York City Police Department","Preliminary Plan","",5828354000,5601394000,5639465000,5419675000,NA,NA,NA,NA,-7.01191108158496,-3.89406683259116,0.679670096408144,-3.89735551156005
"New York","New York City Police Department","Adopted","Adopted",5595283000,5606475000,5224283000,5436734000,89158064224,92771874627,88191953188,98723402321,-2.83361896082825,0.200025628730486,-6.81697501549548,4.06660588639628
"New Jersey","Newark Police Department","See Note","Adopted",154625080,142704636,161166009,156240498,NA,NA,NA,NA,1.04473219997687,-7.70925648025534,12.9367717247812,-3.05617234711074
"Virginia","Norfolk Police Department ","Adopted","Adopted",75717773,77618592,78019800,79737018,1230071069,1231502208,1219426567,1274378785,5.30819230512762,2.51040003514102,0.516896776483655,2.20100282236048
"Virginia","Norfolk Police Department ","Actual","Actual",73014617,73670785,57023922,NA,NA,NA,NA,NA,NA,0.898680328625157,-22.5962883387221,NA
"Nevada","North Las Vegas Police Department ","Adopted","Adopted",100601129,101944866,106393078,117096812,601199092,614063723,683117972,746963812,16.3971151854568,1.33570767381746,4.36335067623709,10.0605548793315
"Nevada","North Las Vegas Police Department ","Actual","Actual",96719330,95805319,NA,NA,NA,NA,NA,NA,NA,-0.945013783697633,NA,NA
"California","Oakland Police Department","Adopted","Adopted",284817949,318707837,330118936,335844566,1484148797,1656222651,1652052100,2033463039,17.9155201345825,11.8987894263644,3.58042623219209,1.73441429000607
"California","Oakland Police Department","Proposed","",NA,318333926,329868493,340959916,NA,NA,NA,NA,NA,NA,3.62341744247517,3.36237720041968
"California","Oakland Police Department","Actual","Actual",288322985,350872437,NA,NA,NA,NA,NA,NA,NA,21.6942301703765,NA,NA
"Oklahoma","Oklahoma City Police Department ","Actual","Actual",196574645,NA,196621082,NA,NA,NA,NA,NA,NA,NA,NA,NA
"Oklahoma","Oklahoma City Police Department ","Adopted","Adopted",208415342,214107429,226051993,237988245,1563885866,1554632069,1658405738,1648566649,14.1894078987717,2.73112667492588,5.57877139330836,5.28031265798218
"Nebraska","Omaha Police Department ","Appropriated","Adopted",164729279,159838743,164584331,169966576,1043638689,1121093114,1231869944,1216335418,3.17933583622375,-2.96883227419456,2.96898480989681,3.27020498688906
"Nebraska","Omaha Police Department ","Actual","Actual",152974360,166778903,NA,NA,NA,NA,NA,NA,NA,9.02408939641911,NA,NA
"California","Orange County Sheriff's Department","Adopted","Adopted",975777340,1020554404,1123467847,1251828815,6472300000,6833200000,7569400000,7772200000,28.2904166436167,4.58886081531674,10.0840722059145,11.4254242649456
"Florida","Orlando Police Department","Adopted","Adopted",185813177,195747425,197481264,195334174,1273470803,1362715923,1440937488,1429189107,5.12396222577907,5.34636356817687,0.885753158694169,-1.08723731887801
"Florida","Orlando Police Department","Actual","Actual",185405091,187520010,NA,NA,NA,NA,NA,NA,NA,1.14070168655725,NA,NA
"Illinois","Peoria Police Department","Forecasted","",NA,26573482,27459455,27971100,NA,NA,NA,288909732,NA,NA,3.33404933534868,1.86327441677193
"Illinois","Peoria Police Department","Revised","",25911032,26671491,27218420,NA,203792629,186429819,204563745,NA,NA,2.93488503275362,2.05061276851752,NA
"Pennsylvania","Philadelphia Police Department","Adopted ","Adopted",709492944,741165097,727007734,729347734,9284897000,8630053000,10507028000,11846324000,2.79844784474699,4.46405468410127,-1.9101497166157,0.321867277411935
"Pennsylvania","Philadelphia Police Department","Estimated","",711140370,742947000,727007734,NA,NA,NA,NA,NA,NA,4.47262331626596,-2.14541091087251,NA
"Pennsylvania","Philadelphia Police Department","Actual","Actual",727904939,774398600,NA,NA,NA,NA,NA,NA,NA,6.38732594174636,NA,NA
"Arizona","Phoenix Police Department","Budget/Council Allowance","Adopted",687794439,721210722,745289020,786707948,4.42e+09,4.55e+09,5.02e+09,5.627e+09,14.3812603579367,4.85846949396461,3.33859401496807,5.55743166590593
"Arizona","Phoenix Police Department","Actual","Actual",669945457,708888212,NA,NA,NA,NA,NA,NA,NA,5.81282469984717,NA,NA
"Arizona","Phoenix Police Department","Estimated","",688073334,715227129,719962353,NA,NA,NA,NA,NA,NA,3.94635188696326,0.662058779372727,NA
"Pennsylvania","Pittsburgh Police Department","Budget","Adopted",104545326,114787000,115132994,120449711,574901207,608100046,564967492,615059557,15.2129087052634,9.79639587139457,0.301422634967374,4.61789172268029
"Pennsylvania","Pittsburgh Police Department","Actual","Actual",105878343,125402541,NA,NA,NA,NA,NA,NA,NA,18.440218695149,NA,NA
"Texas","Plano Police Department ","Actual ","Actual",76192300,71202244,NA,NA,NA,NA,NA,NA,NA,-6.5492917263293,NA,NA
"Texas","Plano Police Department ","Budget","Adopted",76476489,78554485,78978173,82370706,317349631,333973522,327736332,353733563,7.70722751145126,2.71716971734934,0.539355582306981,4.29553238715715
"Oregon","Portland Police Department","Adopted","Adopted",226807496,238190326,229526742,230043026,5.15e+09,5.6e+09,5.6e+09,5.89e+09,1.42655337987595,5.01871860531453,-3.63725267330966,0.224934138611178
"North Carolina","Raleigh Police Department","Adopted","Adopted",105146996,109694903,111650973,116507256,971378848,1036955770,1010644940,1069833785,10.8041698119459,4.32528476610021,1.78319133022981,4.34952143229419
"North Carolina","Raleigh Police Department","Actual","Actual",103055234,107798273,NA,NA,NA,NA,NA,NA,NA,4.60242417187661,NA,NA
"Nevada","Reno Police Department ","Budgeted","Adopted",69850267,74804270,85327231,91348674,473730617,431825595,516926600,512204188,30.7778451297831,7.09231791483345,14.0673266379045,7.05688316546918
"Nevada","Reno Police Department ","Actual","Actual",77416254,90413649,NA,NA,NA,NA,NA,NA,NA,16.7889743153938,NA,NA
"Virginia","Richmond Police Department ","Adopted","Adopted",95387568,96930895,96371697,95816200,2029126221,2020105942,2101344349,2071757562,0.449358348249323,1.61795402939721,-0.576903782844469,-0.57641093525623
"Virginia","Richmond Police Department ","Actual","Actual",95403743,100381316,95084710,NA,NA,NA,NA,NA,NA,5.21737705825651,-5.27648591496848,NA
"California","Riverside County Sheriff's Department","Adopted","Adopted",710200558,741570559,825441024,898134698,5572900000,6098100000,6796564463,6883337226,26.4621222671582,4.41706228566495,11.3098428709331,8.80664661513116
"California","Riverside County Sheriff's Department","Estimated","",722666143,774507763,868389739,NA,NA,NA,NA,NA,NA,7.17366110231623,12.1215022605267,NA
"California","Riverside County Sheriff's Department","Actual","Actual",719144388,795311294,NA,NA,NA,NA,NA,NA,NA,10.5913231433018,NA,NA
"New York","Rochester Police Department","Approved","Adopted",90583100,98618600,95116000,90802800,539646900,552047000,529659100,560867400,0.242539723193399,8.87086001693473,-3.55166266809709,-4.53467345136465
"New York","Rochester Police Department","Actual","Actual",97165742,99372687,NA,NA,NA,NA,NA,NA,NA,2.27132007081261,NA,NA
"California","Sacramento Police Department ","Approved","Adopted",147251730,150318120,157502833,211306620,1.1e+09,1.2e+09,1.3e+09,1.3e+09,43.5002631208475,2.08241356485251,4.77967193841967,34.1605201475963
"California","Sacramento Police Department ","Actual ","Actual",131223491,135326651,NA,NA,NA,NA,NA,NA,NA,3.12684868290846,NA,NA
"Texas","San Antonio Police Department ","Actual","Actual",451264058,467042555,NA,NA,NA,NA,NA,NA,NA,3.49651090537328,NA,NA
"Texas","San Antonio Police Department ","Adopted","Adopted",456335077,479091284,486506918,501294814,2840587221,2.9e+09,2.9e+09,3.1e+09,9.85235176212413,4.98673193163277,1.54785408285574,3.03960652004541
"California","San Bernardino County Sheriff's Department","Adopted ","Adopted",696638894,692836711,769530381,800557029,6303570543,6943039693,7054670996,7853861783,14.9170733783348,-0.545789652680518,11.0695159165722,4.03189383630066
"California","San Bernardino County Sheriff's Department","Actual ","Actual",689324212,712215035,759207428,NA,NA,NA,NA,NA,NA,3.32076294456345,6.59806247982395,NA
"California","San Bernardino County Sheriff's Department","Final","",713004051,757078809,785723304,NA,NA,NA,NA,NA,NA,6.18155786607165,3.78355524675635,NA
"California","San Diego Police Department","Adopted","Adopted",477714227,547063945,580707839,601168878,3276212615,3633742006,3654361964,3858448205,25.8427829908444,14.5169882076801,6.14990154395936,3.52346526529324
"California","San Diego Police Department","Actual","Actual",502042831,568843969,572409551,NA,NA,NA,NA,NA,NA,13.3058643357064,0.626811954474637,NA
"California","San Francisco Police Department","Original","Adopted",629838175,692322316,667891102,657406273,11039195070,12313688231,13614632249,13248709511,4.37701287318762,9.92066589167924,-3.52887859243873,-1.56984109664033
"California","San Francisco Police Department","Proposed","",600143155,695718415,674194131,661656289,10001065614,12260865817,11955078089,12605311256,10.2497434966162,15.9254103298071,-3.09382122650872,-1.85967830681101
"California","San Jose Police Department","Adopted","Adopted",423398132,464466750,471530192,498072611,3728246392,4661164572,4785836682,5119345503,17.6369410623663,9.69976362578756,1.52076375757791,5.62899671120105
"California","San Jose Police Department","Proposed","",419038951,453441003,449177442,471314386,NA,NA,NA,NA,12.4750777643103,8.20975041052926,-0.940268077168134,4.92832941508225
"California","Santa Ana Police Department ","Adopted","Adopted",142554042,144227570,148184910,152331070,658978194,783581650,772091950,824804410,6.85847125962237,1.17396039882194,2.74381659484383,2.79796370629101
"California","Santa Ana Police Department ","Actual","Actual",137287202,139712330,NA,NA,NA,NA,NA,NA,NA,1.76646327164567,NA,NA
"Arizona","Scottsdale Police Department ","Adopted","Adopted",104362989,109075095,110418268,155877134,1177467134,1541820842,1540408509,1785336559,49.3605496484966,4.5151121534091,1.23142042645024,41.1696966664973
"Washington","Seattle Police Department","Actual","Actual",398769531,401829106,NA,NA,NA,NA,NA,NA,NA,0.767253955518482,NA,NA
"Washington","Seattle Police Department","Proposed","",NA,401715774,359751039,NA,NA,NA,NA,NA,NA,NA,-10.4463747047185,NA
"Washington","Seattle Police Department","Adopted","Adopted",398561697,409111750,362988810,355487009,5894667000,6509732000,6640756000,7143467000,-10.8075332688078,2.64703133276753,-11.2739221007463,-2.06667555399297
"Washington","Spokane Police Department ","Adopted","Adopted",60855066,64018815,64602236,69069669,1090433065,1113729539,996135499,1010122465,13.4986346083332,5.19882601063977,0.911327396484924,6.91529160074274
"Washington","Spokane Police Department ","Actual","Actual",60552719,66240009,NA,NA,NA,NA,NA,NA,NA,9.39229500164972,NA,NA
"Missouri","St. Louis Police Department","Proposed","",NA,142562923,149486120,134558761,NA,NA,NA,NA,NA,NA,4.85623951467381,-9.9857826265074
"Missouri","St. Louis Police Department","Actual","Actual",134145325,133820586,134665342,NA,NA,NA,NA,NA,NA,-0.24207999794253,0.631260126151293,NA
"Missouri","St. Louis Police Department","Adopted","Adopted",136854706,137616248,129272700,133642084,1115999766,1149339109,1110404405,1153649359,-2.34746914731599,0.556460221397136,-6.06290908323558,3.37997427144324
"Minnesota","St. Paul Police Department ","Actual","Actual",118580527,122558186,NA,NA,NA,NA,NA,NA,NA,3.35439477343527,NA,NA
"Minnesota","St. Paul Police Department ","Adopted","Adopted",118766683,125998472,122059667,128738012,612193014,636405002,633235558,741325651,8.39572912885005,6.08907213481747,-3.12607362413093,5.47137737152765
"Florida","St. Petersburg Police Department ","Actual ","Actual",114742847,117308049,NA,NA,NA,NA,NA,NA,NA,2.23560951036887,NA,NA
"Florida","St. Petersburg Police Department ","Adopted ","Adopted",111787884,115755999,116781019,124886519,717394479,640798937,670898674,711215762,11.7174013241006,3.54968253983589,0.885500543259101,6.94076834523939
"California","Stockton Police Department ","Adopted","Adopted",130394165,135689455,143500433,152928298,709419235,759413058,787559017,991770073,17.2815501368485,4.06098693143209,5.7565107030609,6.56992094232914
"New York","Suffolk County Sheriff","Adopted ","Adopted",137635064,135323083,124105286,137633602,3112822125,3230490192,3196955825,3687426216,-0.00106222931679677,-1.67979069635918,-8.28964043037654,10.9006767044556
"New York","Suffolk County Sheriff","Actual ","Actual",136199405,134885584,NA,NA,NA,NA,NA,NA,NA,-0.964630498936467,NA,NA
"New York","Suffolk County Sheriff","Recommended","",137635064,136323083,124105286,147373516,NA,NA,NA,NA,7.07556033831611,-0.953231656142507,-8.96238313507038,18.7487823846601
"New York","Suffolk County Sheriff","Requested","",141713182,137284997,132199690,138750763,NA,NA,NA,NA,-2.09043291399667,-3.12475165507186,-3.70419718915097,4.95543749005765
"Florida","Tampa Police Department ","Adopted","Adopted",NA,NA,NA,195974403,1028208183,1041578465,1376630839,1802092727,NA,NA,NA,NA
"Florida","Tampa Police Department ","Actual ","Actual",176664184,176753703,NA,NA,NA,NA,NA,NA,NA,0.050671844158293,NA,NA
"Ohio","Toledo Police Department ","Proposed","",NA,NA,NA,83707180,NA,NA,NA,890082734,NA,NA,NA,NA
"Ohio","Toledo Police Department ","Amended","",NA,NA,97330651,NA,NA,NA,1438403814,NA,NA,NA,NA,NA
"Ohio","Toledo Police Department ","Actual ","Actual",86682954,73436952,NA,NA,1914873281,1627515197,NA,NA,NA,-15.2809766958334,NA,NA
"Oklahoma","Tulsa Police Department ","Budget","Adopted",114842000,121682000,122558000,122698000,867298000,854532000,840403000,799449000,6.84070287873774,5.95600912558123,0.719909271708223,0.114231629106219
"Arizona","Tuscon Police Department ","Adopted","Adopted",183019480,193274430,210091880,186778960,1502819240,1556402430,1728875330,1862342690,2.05414199625089,5.60320136413894,8.70133209033394,-11.0965354777157
"Arizona","Tuscon Police Department ","Actual","Actual",171358325,170101184,178111529,NA,NA,NA,NA,NA,NA,-0.733632871353055,4.70916475219832,NA
"California","Ventura County Sheriff's Department","Adopted","Adopted",291754475,302575469,313483717,298601554,2237605278,2309152737,2450244902,2548007506,2.3468634028664,3.70893848329147,3.60513297262707,-4.74734800978515
"California","Ventura County Sheriff's Department","Actual ","Actual",298659473,327286355,365373133,NA,NA,NA,NA,NA,NA,9.58512439349279,11.6371420372841,NA
"Virginia","Virginia Beach Police Department ","Actual","Actual",99188135,102840121,105142652,NA,NA,NA,NA,NA,NA,3.68187787783287,2.23894232874347,NA
"Virginia","Virginia Beach Police Department ","Adopted","Adopted",102865201,102960533,106129479,107691627,2009080703,2077926082,2086059932,2296760413,4.69199102619748,0.0926766283186478,3.077825947152,1.47192656999664
"Virginia","Virginia Beach Police Department ","Adjusted","",103997459,104396374,NA,NA,NA,NA,NA,NA,NA,0.38358148731307,NA,NA
"North Carolina","Wake County Sheriff's Department","Adopted","Adopted",92543343,98802470,97103645,99927185,1.3e+09,1.47e+09,1456796000,1565900000,7.97879324502034,6.76345461174879,-1.71941551663638,2.90775902387598
"North Carolina","Wake County Sheriff's Department","Amended","",94027979,100560041,97310051,NA,NA,NA,NA,NA,NA,6.94693438003171,-3.23189009041872,NA
"North Carolina","Wake County Sheriff's Department","Actual","Actual",96520028,101609568,NA,NA,NA,NA,NA,NA,NA,5.27304032692572,NA,NA
"District Of Columbia","Washington D.C. Metropolitian Police","Approved","Adopted",553542783,559526918,545686633,516793022,1.2295e+10,1.3398e+10,1.456e+10,1.5417e+10,-6.63901005100811,1.08106097374591,-2.47356910896644,-5.29490906551123
"District Of Columbia","Washington D.C. Metropolitian Police","Proposed","",553692783,NA,578069493,514176097,NA,NA,NA,NA,-7.13693355110969,NA,NA,-11.0528918709087
"District Of Columbia","Washington D.C. Metropolitian Police","Actual ","Actual",591313726,621491859,NA,NA,NA,NA,NA,NA,NA,5.10357390215562,NA,NA
"Kansas","Wichita Police Department ","Actual","Actual",92526169,96656583,NA,NA,NA,NA,NA,NA,NA,4.46404951662918,NA,NA
"Kansas","Wichita Police Department ","Adopted","Adopted",87939074,94177773,99692913,102486918,558022028,562305947,584733774,587993887,16.5430943700863,7.0943423852746,5.85609515315254,2.80261145544017
"Delaware","Wilmington Police Department","Adopted","Adopted",59275551,59012703,59033541,60326725,251519968,258426944,256008341,266842966,1.77336858496684,-0.443434089714324,0.035311041421031,2.19059195517342
"Delaware","Wilmington Police Department","Actual","Actual",60163058,60835672,NA,NA,NA,NA,NA,NA,NA,1.11798505986847,NA,NA
"North Carolina","Winston-Salem Police Department ","Adopted","Adopted",75015930,78167060,78711550,80294800,641031860,609824830,594072850,652404430,7.0369986748148,4.20061445615618,0.696572187824385,2.01145829296971
"North Carolina","Winston-Salem Police Department ","Actual","Actual",74840788,78106839,NA,NA,NA,NA,NA,NA,NA,4.36399867943667,NA,NA
"North Carolina","Winston-Salem Police Department ","Amended","",NA,NA,NA,NA,NA,NA,NA,NA,NA,NA,NA,NA
